Date,Close
01JAN2016,2043.939941
02JAN2016,2043.939941
03JAN2016,2043.939941
04JAN2016,2012.660034
05JAN2016,2016.709961
06JAN2016,1990.26001
07JAN2016,1943.089966
08JAN2016,1922.030029
09JAN2016,1922.030029
10JAN2016,1922.030029
11JAN2016,1923.670044
12JAN2016,1938.680054
13JAN2016,1890.280029
14JAN2016,1921.839966
15JAN2016,1880.329956
16JAN2016,1880.329956
17JAN2016,1880.329956
18JAN2016,1880.329956
19JAN2016,1881.329956
20JAN2016,1859.329956
21JAN2016,1868.98999
22JAN2016,1906.900024
23JAN2016,1906.900024
24JAN2016,1906.900024
25JAN2016,1877.079956
26JAN2016,1903.630005
27JAN2016,1882.949951
28JAN2016,1893.359985
29JAN2016,1940.23999
30JAN2016,1940.23999
31JAN2016,1940.23999
01FEB2016,1939.380005
02FEB2016,1903.030029
03FEB2016,1912.530029
04FEB2016,1915.449951
05FEB2016,1880.050049
06FEB2016,1880.050049
07FEB2016,1880.050049
08FEB2016,1853.439941
09FEB2016,1852.209961
10FEB2016,1851.859985
11FEB2016,1829.079956
12FEB2016,1864.780029
13FEB2016,1864.780029
14FEB2016,1864.780029
15FEB2016,1864.780029
16FEB2016,1895.579956
17FEB2016,1926.819946
18FEB2016,1917.829956
19FEB2016,1917.780029
20FEB2016,1917.780029
21FEB2016,1917.780029
22FEB2016,1945.5
23FEB2016,1921.27002
24FEB2016,1929.800049
25FEB2016,1951.699951
26FEB2016,1948.050049
27FEB2016,1948.050049
28FEB2016,1948.050049
29FEB2016,1932.22998
01MAR2016,1978.349976
02MAR2016,1986.449951
03MAR2016,1993.400024
04MAR2016,1999.98999
05MAR2016,1999.98999
06MAR2016,1999.98999
07MAR2016,2001.76001
08MAR2016,1979.26001
09MAR2016,1989.26001
10MAR2016,1989.569946
11MAR2016,2022.189941
12MAR2016,2022.189941
13MAR2016,2022.189941
14MAR2016,2019.640015
15MAR2016,2015.930054
16MAR2016,2027.219971
17MAR2016,2040.589966
18MAR2016,2049.580078
19MAR2016,2049.580078
20MAR2016,2049.580078
21MAR2016,2051.600098
22MAR2016,2049.800049
23MAR2016,2036.709961
24MAR2016,2035.939941
25MAR2016,2035.939941
26MAR2016,2035.939941
27MAR2016,2035.939941
28MAR2016,2037.050049
29MAR2016,2055.01001
30MAR2016,2063.949951
31MAR2016,2059.73999
01APR2016,2072.780029
02APR2016,2072.780029
03APR2016,2072.780029
04APR2016,2066.129883
05APR2016,2045.170044
06APR2016,2066.659912
07APR2016,2041.910034
08APR2016,2047.599976
09APR2016,2047.599976
10APR2016,2047.599976
11APR2016,2041.98999
12APR2016,2061.719971
13APR2016,2082.419922
14APR2016,2082.780029
15APR2016,2080.72998
16APR2016,2080.72998
17APR2016,2080.72998
18APR2016,2094.340088
19APR2016,2100.800049
20APR2016,2102.399902
21APR2016,2091.47998
22APR2016,2091.580078
23APR2016,2091.580078
24APR2016,2091.580078
25APR2016,2087.790039
26APR2016,2091.699951
27APR2016,2095.149902
28APR2016,2075.810059
29APR2016,2065.300049
30APR2016,2065.300049
01MAY2016,2065.300049
02MAY2016,2081.429932
03MAY2016,2063.370117
04MAY2016,2051.120117
05MAY2016,2050.629883
06MAY2016,2057.139893
07MAY2016,2057.139893
08MAY2016,2057.139893
09MAY2016,2058.689941
10MAY2016,2084.389893
11MAY2016,2064.459961
12MAY2016,2064.110107
13MAY2016,2046.609985
14MAY2016,2046.609985
15MAY2016,2046.609985
16MAY2016,2066.659912
17MAY2016,2047.209961
18MAY2016,2047.630005
19MAY2016,2040.040039
20MAY2016,2052.320068
21MAY2016,2052.320068
22MAY2016,2052.320068
23MAY2016,2048.040039
24MAY2016,2076.060059
25MAY2016,2090.540039
26MAY2016,2090.100098
27MAY2016,2099.060059
28MAY2016,2099.060059
29MAY2016,2099.060059
30MAY2016,2099.060059
31MAY2016,2096.949951
01JUN2016,2099.330078
02JUN2016,2105.26001
03JUN2016,2099.129883
04JUN2016,2099.129883
05JUN2016,2099.129883
06JUN2016,2109.409912
07JUN2016,2112.129883
08JUN2016,2119.120117
09JUN2016,2115.47998
10JUN2016,2096.070068
11JUN2016,2096.070068
12JUN2016,2096.070068
13JUN2016,2079.060059
14JUN2016,2075.320068
15JUN2016,2071.5
16JUN2016,2077.98999
17JUN2016,2071.219971
18JUN2016,2071.219971
19JUN2016,2071.219971
20JUN2016,2083.25
21JUN2016,2088.899902
22JUN2016,2085.449951
23JUN2016,2113.320068
24JUN2016,2037.410034
25JUN2016,2037.410034
26JUN2016,2037.410034
27JUN2016,2000.540039
28JUN2016,2036.089966
29JUN2016,2070.77002
30JUN2016,2098.860107
01JUL2016,2102.949951
02JUL2016,2102.949951
03JUL2016,2102.949951
04JUL2016,2102.949951
05JUL2016,2088.550049
06JUL2016,2099.72998
07JUL2016,2097.899902
08JUL2016,2129.899902
09JUL2016,2129.899902
10JUL2016,2129.899902
11JUL2016,2137.159912
12JUL2016,2152.139893
13JUL2016,2152.429932
14JUL2016,2163.75
15JUL2016,2161.73999
16JUL2016,2161.73999
17JUL2016,2161.73999
18JUL2016,2166.889893
19JUL2016,2163.780029
20JUL2016,2173.02002
21JUL2016,2165.169922
22JUL2016,2175.030029
23JUL2016,2175.030029
24JUL2016,2175.030029
25JUL2016,2168.47998
26JUL2016,2169.179932
27JUL2016,2166.580078
28JUL2016,2170.060059
29JUL2016,2173.600098
30JUL2016,2173.600098
31JUL2016,2173.600098
01AUG2016,2170.840088
02AUG2016,2157.030029
03AUG2016,2163.790039
04AUG2016,2164.25
05AUG2016,2182.870117
06AUG2016,2182.870117
07AUG2016,2182.870117
08AUG2016,2180.889893
09AUG2016,2181.73999
10AUG2016,2175.48999
11AUG2016,2185.790039
12AUG2016,2184.050049
13AUG2016,2184.050049
14AUG2016,2184.050049
15AUG2016,2190.149902
16AUG2016,2178.149902
17AUG2016,2182.219971
18AUG2016,2187.02002
19AUG2016,2183.870117
20AUG2016,2183.870117
21AUG2016,2183.870117
22AUG2016,2182.639893
23AUG2016,2186.899902
24AUG2016,2175.439941
25AUG2016,2172.469971
26AUG2016,2169.040039
27AUG2016,2169.040039
28AUG2016,2169.040039
29AUG2016,2180.379883
30AUG2016,2176.120117
31AUG2016,2170.949951
01SEP2016,2170.860107
02SEP2016,2179.97998
03SEP2016,2179.97998
04SEP2016,2179.97998
05SEP2016,2179.97998
06SEP2016,2186.47998
07SEP2016,2186.159912
08SEP2016,2181.300049
09SEP2016,2127.810059
10SEP2016,2127.810059
11SEP2016,2127.810059
12SEP2016,2159.040039
13SEP2016,2127.02002
14SEP2016,2125.77002
15SEP2016,2147.26001
16SEP2016,2139.159912
17SEP2016,2139.159912
18SEP2016,2139.159912
19SEP2016,2139.120117
20SEP2016,2139.76001
21SEP2016,2163.120117
22SEP2016,2177.179932
23SEP2016,2164.689941
24SEP2016,2164.689941
25SEP2016,2164.689941
26SEP2016,2146.100098
27SEP2016,2159.929932
28SEP2016,2171.370117
29SEP2016,2151.129883
30SEP2016,2168.27002
01OCT2016,2168.27002
02OCT2016,2168.27002
03OCT2016,2161.199951
04OCT2016,2150.48999
05OCT2016,2159.72998
06OCT2016,2160.77002
07OCT2016,2153.73999
08OCT2016,2153.73999
09OCT2016,2153.73999
10OCT2016,2163.659912
11OCT2016,2136.72998
12OCT2016,2139.179932
13OCT2016,2132.550049
14OCT2016,2132.97998
15OCT2016,2132.97998
16OCT2016,2132.97998
17OCT2016,2126.5
18OCT2016,2139.600098
19OCT2016,2144.290039
20OCT2016,2141.340088
21OCT2016,2141.159912
22OCT2016,2141.159912
23OCT2016,2141.159912
24OCT2016,2151.330078
25OCT2016,2143.159912
26OCT2016,2139.429932
27OCT2016,2133.040039
28OCT2016,2126.409912
29OCT2016,2126.409912
30OCT2016,2126.409912
31OCT2016,2126.149902
01NOV2016,2111.719971
02NOV2016,2097.939941
03NOV2016,2088.659912
04NOV2016,2085.179932
05NOV2016,2085.179932
06NOV2016,2085.179932
07NOV2016,2131.52002
08NOV2016,2139.560059
09NOV2016,2163.26001
10NOV2016,2167.47998
11NOV2016,2164.449951
12NOV2016,2164.449951
13NOV2016,2164.449951
14NOV2016,2164.199951
15NOV2016,2180.389893
16NOV2016,2176.939941
17NOV2016,2187.120117
18NOV2016,2181.899902
19NOV2016,2181.899902
20NOV2016,2181.899902
21NOV2016,2198.179932
22NOV2016,2202.939941
23NOV2016,2204.719971
24NOV2016,2204.719971
25NOV2016,2213.350098
26NOV2016,2213.350098
27NOV2016,2213.350098
28NOV2016,2201.719971
29NOV2016,2204.659912
30NOV2016,2198.810059
01DEC2016,2191.080078
02DEC2016,2191.949951
03DEC2016,2191.949951
04DEC2016,2191.949951
05DEC2016,2204.709961
06DEC2016,2212.22998
07DEC2016,2241.350098
08DEC2016,2246.189941
09DEC2016,2259.530029
10DEC2016,2259.530029
11DEC2016,2259.530029
12DEC2016,2256.959961
13DEC2016,2271.719971
14DEC2016,2253.280029
15DEC2016,2262.030029
16DEC2016,2258.070068
17DEC2016,2258.070068
18DEC2016,2258.070068
19DEC2016,2262.530029
20DEC2016,2270.76001
21DEC2016,2265.179932
22DEC2016,2260.959961
23DEC2016,2263.790039
24DEC2016,2263.790039
25DEC2016,2263.790039
26DEC2016,2263.790039
27DEC2016,2268.879883
28DEC2016,2249.919922
29DEC2016,2249.26001
30DEC2016,2238.830078
31DEC2016,2238.830078
01JAN2017,2238.830078
02JAN2017,2238.830078
03JAN2017,2257.830078
04JAN2017,2270.75
05JAN2017,2269
06JAN2017,2276.97998
07JAN2017,2276.97998
08JAN2017,2276.97998
09JAN2017,2268.899902
10JAN2017,2268.899902
11JAN2017,2275.320068
12JAN2017,2270.439941
13JAN2017,2274.639893
14JAN2017,2274.639893
15JAN2017,2274.639893
16JAN2017,2274.639893
17JAN2017,2267.889893
18JAN2017,2271.889893
19JAN2017,2263.689941
20JAN2017,2271.310059
21JAN2017,2271.310059
22JAN2017,2271.310059
23JAN2017,2265.199951
24JAN2017,2280.070068
25JAN2017,2298.370117
26JAN2017,2296.679932
27JAN2017,2294.689941
28JAN2017,2294.689941
29JAN2017,2294.689941
30JAN2017,2280.899902
31JAN2017,2278.870117
01FEB2017,2279.550049
02FEB2017,2280.850098
03FEB2017,2297.419922
04FEB2017,2297.419922
05FEB2017,2297.419922
06FEB2017,2292.560059
07FEB2017,2293.080078
08FEB2017,2294.669922
09FEB2017,2307.870117
10FEB2017,2316.100098
11FEB2017,2316.100098
12FEB2017,2316.100098
13FEB2017,2328.25
14FEB2017,2337.580078
15FEB2017,2349.25
16FEB2017,2347.219971
17FEB2017,2351.159912
18FEB2017,2351.159912
19FEB2017,2351.159912
20FEB2017,2351.159912
21FEB2017,2365.379883
22FEB2017,2362.820068
23FEB2017,2363.810059
24FEB2017,2367.340088
25FEB2017,2367.340088
26FEB2017,2367.340088
27FEB2017,2369.75
28FEB2017,2363.639893
01MAR2017,2395.959961
02MAR2017,2381.919922
03MAR2017,2383.120117
04MAR2017,2383.120117
05MAR2017,2383.120117
06MAR2017,2375.310059
07MAR2017,2368.389893
08MAR2017,2362.97998
09MAR2017,2364.870117
10MAR2017,2372.600098
11MAR2017,2372.600098
12MAR2017,2372.600098
13MAR2017,2373.469971
14MAR2017,2365.449951
15MAR2017,2385.26001
16MAR2017,2381.379883
17MAR2017,2378.25
18MAR2017,2378.25
19MAR2017,2378.25
20MAR2017,2373.469971
21MAR2017,2344.02002
22MAR2017,2348.449951
23MAR2017,2345.959961
24MAR2017,2343.97998
25MAR2017,2343.97998
26MAR2017,2343.97998
27MAR2017,2341.590088
28MAR2017,2358.570068
29MAR2017,2361.129883
30MAR2017,2368.060059
31MAR2017,2362.719971
01APR2017,2362.719971
02APR2017,2362.719971
03APR2017,2358.840088
04APR2017,2360.159912
05APR2017,2352.949951
06APR2017,2357.48999
07APR2017,2355.540039
08APR2017,2355.540039
09APR2017,2355.540039
10APR2017,2357.159912
11APR2017,2353.780029
12APR2017,2344.929932
13APR2017,2328.949951
14APR2017,2328.949951
15APR2017,2328.949951
16APR2017,2328.949951
17APR2017,2349.01001
18APR2017,2342.189941
19APR2017,2338.169922
20APR2017,2355.840088
21APR2017,2348.689941
22APR2017,2348.689941
23APR2017,2348.689941
24APR2017,2374.149902
25APR2017,2388.610107
26APR2017,2387.449951
27APR2017,2388.77002
28APR2017,2384.199951
29APR2017,2384.199951
30APR2017,2384.199951
01MAY2017,2388.330078
02MAY2017,2391.169922
03MAY2017,2388.129883
04MAY2017,2389.52002
05MAY2017,2399.290039
06MAY2017,2399.290039
07MAY2017,2399.290039
08MAY2017,2399.379883
09MAY2017,2396.919922
10MAY2017,2399.629883
11MAY2017,2394.439941
12MAY2017,2390.899902
13MAY2017,2390.899902
14MAY2017,2390.899902
15MAY2017,2402.320068
16MAY2017,2400.669922
17MAY2017,2357.030029
18MAY2017,2365.719971
19MAY2017,2381.72998
20MAY2017,2381.72998
21MAY2017,2381.72998
22MAY2017,2394.02002
23MAY2017,2398.419922
24MAY2017,2404.389893
25MAY2017,2415.070068
26MAY2017,2415.820068
27MAY2017,2415.820068
28MAY2017,2415.820068
29MAY2017,2415.820068
30MAY2017,2412.909912
31MAY2017,2411.800049
01JUN2017,2430.060059
02JUN2017,2439.070068
03JUN2017,2439.070068
04JUN2017,2439.070068
05JUN2017,2436.100098
06JUN2017,2429.330078
07JUN2017,2433.139893
08JUN2017,2433.790039
09JUN2017,2431.77002
10JUN2017,2431.77002
11JUN2017,2431.77002
12JUN2017,2429.389893
13JUN2017,2440.350098
14JUN2017,2437.919922
15JUN2017,2432.459961
16JUN2017,2433.149902
17JUN2017,2433.149902
18JUN2017,2433.149902
19JUN2017,2453.459961
20JUN2017,2437.030029
21JUN2017,2435.610107
22JUN2017,2434.5
23JUN2017,2438.300049
24JUN2017,2438.300049
25JUN2017,2438.300049
26JUN2017,2439.070068
27JUN2017,2419.379883
28JUN2017,2440.689941
29JUN2017,2419.699951
30JUN2017,2423.409912
01JUL2017,2423.409912
02JUL2017,2423.409912
03JUL2017,2429.01001
04JUL2017,2429.01001
05JUL2017,2432.540039
06JUL2017,2409.75
07JUL2017,2425.179932
08JUL2017,2425.179932
09JUL2017,2425.179932
10JUL2017,2427.429932
11JUL2017,2425.530029
12JUL2017,2443.25
13JUL2017,2447.830078
14JUL2017,2459.27002
15JUL2017,2459.27002
16JUL2017,2459.27002
17JUL2017,2459.139893
18JUL2017,2460.610107
19JUL2017,2473.830078
20JUL2017,2473.449951
21JUL2017,2472.540039
22JUL2017,2472.540039
23JUL2017,2472.540039
24JUL2017,2469.909912
25JUL2017,2477.129883
26JUL2017,2477.830078
27JUL2017,2475.419922
28JUL2017,2472.100098
29JUL2017,2472.100098
30JUL2017,2472.100098
31JUL2017,2470.300049
01AUG2017,2476.350098
02AUG2017,2477.570068
03AUG2017,2472.159912
04AUG2017,2476.830078
05AUG2017,2476.830078
06AUG2017,2476.830078
07AUG2017,2480.909912
08AUG2017,2474.919922
09AUG2017,2474.02002
10AUG2017,2438.209961
11AUG2017,2441.320068
12AUG2017,2441.320068
13AUG2017,2441.320068
14AUG2017,2465.840088
15AUG2017,2464.610107
16AUG2017,2468.110107
17AUG2017,2430.01001
18AUG2017,2425.550049
19AUG2017,2425.550049
20AUG2017,2425.550049
21AUG2017,2428.370117
22AUG2017,2452.51001
23AUG2017,2444.040039
24AUG2017,2438.969971
25AUG2017,2443.050049
26AUG2017,2443.050049
27AUG2017,2443.050049
28AUG2017,2444.23999
29AUG2017,2446.300049
30AUG2017,2457.590088
31AUG2017,2471.649902
01SEP2017,2476.550049
02SEP2017,2476.550049
03SEP2017,2476.550049
04SEP2017,2476.550049
05SEP2017,2457.850098
06SEP2017,2465.540039
07SEP2017,2465.100098
08SEP2017,2461.429932
09SEP2017,2461.429932
10SEP2017,2461.429932
11SEP2017,2488.110107
12SEP2017,2496.47998
13SEP2017,2498.370117
14SEP2017,2495.620117
15SEP2017,2500.22998
16SEP2017,2500.22998
17SEP2017,2500.22998
18SEP2017,2503.870117
19SEP2017,2506.649902
20SEP2017,2508.23999
21SEP2017,2500.600098
22SEP2017,2502.219971
23SEP2017,2502.219971
24SEP2017,2502.219971
25SEP2017,2496.659912
26SEP2017,2496.840088
27SEP2017,2507.040039
28SEP2017,2510.060059
29SEP2017,2519.360107
30SEP2017,2519.360107
01OCT2017,2519.360107
02OCT2017,2529.120117
03OCT2017,2534.580078
04OCT2017,2537.73999
05OCT2017,2552.070068
06OCT2017,2549.330078
07OCT2017,2549.330078
08OCT2017,2549.330078
09OCT2017,2544.72998
10OCT2017,2550.639893
11OCT2017,2555.23999
12OCT2017,2550.929932
13OCT2017,2553.169922
14OCT2017,2553.169922
15OCT2017,2553.169922
16OCT2017,2557.639893
17OCT2017,2559.360107
18OCT2017,2561.26001
19OCT2017,2562.100098
20OCT2017,2575.209961
21OCT2017,2575.209961
22OCT2017,2575.209961
23OCT2017,2564.97998
24OCT2017,2569.129883
25OCT2017,2557.149902
26OCT2017,2560.399902
27OCT2017,2581.070068
28OCT2017,2581.070068
29OCT2017,2581.070068
30OCT2017,2572.830078
31OCT2017,2575.26001
01NOV2017,2579.360107
02NOV2017,2579.850098
03NOV2017,2587.840088
04NOV2017,2587.840088
05NOV2017,2587.840088
06NOV2017,2591.129883
07NOV2017,2590.639893
08NOV2017,2594.379883
09NOV2017,2584.620117
10NOV2017,2582.300049
11NOV2017,2582.300049
12NOV2017,2582.300049
13NOV2017,2584.840088
14NOV2017,2578.870117
15NOV2017,2564.620117
16NOV2017,2585.639893
17NOV2017,2578.850098
18NOV2017,2578.850098
19NOV2017,2578.850098
20NOV2017,2582.139893
21NOV2017,2599.030029
22NOV2017,2597.080078
23NOV2017,2597.080078
24NOV2017,2602.419922
25NOV2017,2602.419922
26NOV2017,2602.419922
27NOV2017,2601.419922
28NOV2017,2627.040039
29NOV2017,2626.070068
30NOV2017,2647.580078
01DEC2017,2642.219971
02DEC2017,2642.219971
03DEC2017,2642.219971
04DEC2017,2639.439941
05DEC2017,2629.570068
06DEC2017,2629.27002
07DEC2017,2636.97998
08DEC2017,2651.5
09DEC2017,2651.5
10DEC2017,2651.5
11DEC2017,2659.98999
12DEC2017,2664.110107
13DEC2017,2662.850098
14DEC2017,2652.01001
15DEC2017,2675.810059
16DEC2017,2675.810059
17DEC2017,2675.810059
18DEC2017,2690.159912
19DEC2017,2681.469971
20DEC2017,2679.25
21DEC2017,2684.570068
22DEC2017,2683.340088
23DEC2017,2683.340088
24DEC2017,2683.340088
25DEC2017,2683.340088
26DEC2017,2680.5
27DEC2017,2682.620117
28DEC2017,2687.540039
29DEC2017,2673.610107
30DEC2017,2673.610107
31DEC2017,2673.610107
01JAN2018,2673.610107
02JAN2018,2695.810059
03JAN2018,2713.060059
04JAN2018,2723.98999
05JAN2018,2743.149902
06JAN2018,2743.149902
07JAN2018,2743.149902
08JAN2018,2747.709961
09JAN2018,2751.290039
10JAN2018,2748.22998
11JAN2018,2767.560059
12JAN2018,2786.23999
13JAN2018,2786.23999
14JAN2018,2786.23999
15JAN2018,2786.23999
16JAN2018,2776.419922
17JAN2018,2802.560059
18JAN2018,2798.030029
19JAN2018,2810.300049
20JAN2018,2810.300049
21JAN2018,2810.300049
22JAN2018,2832.969971
23JAN2018,2839.129883
24JAN2018,2837.540039
25JAN2018,2839.25
26JAN2018,2872.870117
27JAN2018,2872.870117
28JAN2018,2872.870117
29JAN2018,2853.530029
30JAN2018,2822.429932
31JAN2018,2823.810059
01FEB2018,2821.97998
02FEB2018,2762.129883
03FEB2018,2762.129883
04FEB2018,2762.129883
05FEB2018,2648.939941
06FEB2018,2695.139893
07FEB2018,2681.659912
08FEB2018,2581
09FEB2018,2619.550049
10FEB2018,2619.550049
11FEB2018,2619.550049
12FEB2018,2656
13FEB2018,2662.939941
14FEB2018,2698.629883
15FEB2018,2731.199951
16FEB2018,2732.219971
17FEB2018,2732.219971
18FEB2018,2732.219971
19FEB2018,2732.219971
20FEB2018,2716.26001
21FEB2018,2701.330078
22FEB2018,2703.959961
23FEB2018,2747.300049
24FEB2018,2747.300049
25FEB2018,2747.300049
26FEB2018,2779.600098
27FEB2018,2744.280029
28FEB2018,2713.830078
01MAR2018,2677.669922
02MAR2018,2691.25
03MAR2018,2691.25
04MAR2018,2691.25
05MAR2018,2720.939941
06MAR2018,2728.120117
07MAR2018,2726.800049
08MAR2018,2738.969971
09MAR2018,2786.570068
10MAR2018,2786.570068
11MAR2018,2786.570068
12MAR2018,2783.02002
13MAR2018,2765.310059
14MAR2018,2749.47998
15MAR2018,2747.330078
16MAR2018,2752.01001
17MAR2018,2752.01001
18MAR2018,2752.01001
19MAR2018,2712.919922
20MAR2018,2716.939941
21MAR2018,2711.929932
22MAR2018,2643.689941
23MAR2018,2588.26001
24MAR2018,2588.26001
25MAR2018,2588.26001
26MAR2018,2658.550049
27MAR2018,2612.620117
28MAR2018,2605
29MAR2018,2640.870117
30MAR2018,2640.870117
31MAR2018,2640.870117
01APR2018,2640.870117
02APR2018,2581.879883
03APR2018,2614.449951
04APR2018,2644.689941
05APR2018,2662.840088
06APR2018,2604.469971
07APR2018,2604.469971
08APR2018,2604.469971
09APR2018,2613.159912
10APR2018,2656.870117
11APR2018,2642.189941
12APR2018,2663.98999
13APR2018,2656.300049
14APR2018,2656.300049
15APR2018,2656.300049
16APR2018,2677.840088
17APR2018,2706.389893
18APR2018,2708.639893
19APR2018,2693.129883
20APR2018,2670.139893
21APR2018,2670.139893
22APR2018,2670.139893
23APR2018,2670.290039
24APR2018,2634.560059
25APR2018,2639.399902
26APR2018,2666.939941
27APR2018,2669.909912
28APR2018,2669.909912
29APR2018,2669.909912
30APR2018,2648.050049
01MAY2018,2654.800049
02MAY2018,2635.669922
03MAY2018,2629.72998
04MAY2018,2663.419922
05MAY2018,2663.419922
06MAY2018,2663.419922
07MAY2018,2672.629883
08MAY2018,2671.919922
09MAY2018,2697.790039
10MAY2018,2723.070068
11MAY2018,2727.719971
12MAY2018,2727.719971
13MAY2018,2727.719971
14MAY2018,2730.129883
15MAY2018,2711.449951
16MAY2018,2722.459961
17MAY2018,2720.129883
18MAY2018,2712.969971
19MAY2018,2712.969971
20MAY2018,2712.969971
21MAY2018,2733.01001
22MAY2018,2724.439941
23MAY2018,2733.290039
24MAY2018,2727.76001
25MAY2018,2721.330078
26MAY2018,2721.330078
27MAY2018,2721.330078
28MAY2018,2721.330078
29MAY2018,2689.860107
30MAY2018,2724.01001
31MAY2018,2705.27002
01JUN2018,2734.620117
02JUN2018,2734.620117
03JUN2018,2734.620117
04JUN2018,2746.870117
05JUN2018,2748.800049
06JUN2018,2772.350098
07JUN2018,2770.370117
08JUN2018,2779.030029
09JUN2018,2779.030029
10JUN2018,2779.030029
11JUN2018,2782
12JUN2018,2786.850098
13JUN2018,2775.629883
14JUN2018,2782.48999
15JUN2018,2779.659912
16JUN2018,2779.659912
17JUN2018,2779.659912
18JUN2018,2773.75
19JUN2018,2762.590088
20JUN2018,2767.320068
21JUN2018,2749.76001
22JUN2018,2754.879883
23JUN2018,2754.879883
24JUN2018,2754.879883
25JUN2018,2717.070068
26JUN2018,2723.060059
27JUN2018,2699.629883
28JUN2018,2716.310059
29JUN2018,2718.370117
30JUN2018,2718.370117
01JUL2018,2718.370117
02JUL2018,2726.709961
03JUL2018,2713.219971
04JUL2018,2713.219971
05JUL2018,2736.610107
06JUL2018,2759.820068
07JUL2018,2759.820068
08JUL2018,2759.820068
09JUL2018,2784.169922
10JUL2018,2793.840088
11JUL2018,2774.02002
12JUL2018,2798.290039
13JUL2018,2801.310059
14JUL2018,2801.310059
15JUL2018,2801.310059
16JUL2018,2798.429932
17JUL2018,2809.550049
18JUL2018,2815.620117
19JUL2018,2804.48999
20JUL2018,2801.830078
21JUL2018,2801.830078
22JUL2018,2801.830078
23JUL2018,2806.97998
24JUL2018,2820.399902
25JUL2018,2846.070068
26JUL2018,2837.439941
27JUL2018,2818.820068
28JUL2018,2818.820068
29JUL2018,2818.820068
30JUL2018,2802.600098
31JUL2018,2816.290039
01AUG2018,2813.360107
02AUG2018,2827.219971
03AUG2018,2840.350098
04AUG2018,2840.350098
05AUG2018,2840.350098
06AUG2018,2850.399902
07AUG2018,2858.449951
08AUG2018,2857.699951
09AUG2018,2853.580078
10AUG2018,2833.280029
11AUG2018,2833.280029
12AUG2018,2833.280029
13AUG2018,2821.929932
14AUG2018,2839.959961
15AUG2018,2818.370117
16AUG2018,2840.689941
17AUG2018,2850.129883
18AUG2018,2850.129883
19AUG2018,2850.129883
20AUG2018,2857.050049
21AUG2018,2862.959961
22AUG2018,2861.820068
23AUG2018,2856.97998
24AUG2018,2874.689941
25AUG2018,2874.689941
26AUG2018,2874.689941
27AUG2018,2896.73999
28AUG2018,2897.52002
29AUG2018,2914.040039
30AUG2018,2901.129883
31AUG2018,2901.52002
01SEP2018,2901.52002
02SEP2018,2901.52002
03SEP2018,2901.52002
04SEP2018,2896.719971
05SEP2018,2888.600098
06SEP2018,2878.050049
07SEP2018,2871.679932
08SEP2018,2871.679932
09SEP2018,2871.679932
10SEP2018,2877.129883
11SEP2018,2887.889893
12SEP2018,2888.919922
13SEP2018,2904.179932
14SEP2018,2904.97998
15SEP2018,2904.97998
16SEP2018,2904.97998
17SEP2018,2888.800049
18SEP2018,2904.310059
19SEP2018,2907.949951
20SEP2018,2930.75
21SEP2018,2929.669922
22SEP2018,2929.669922
23SEP2018,2929.669922
24SEP2018,2919.370117
25SEP2018,2915.560059
26SEP2018,2905.969971
27SEP2018,2914
28SEP2018,2913.97998
29SEP2018,2913.97998
30SEP2018,2913.97998
01OCT2018,2924.590088
02OCT2018,2923.429932
03OCT2018,2925.51001
04OCT2018,2901.610107
05OCT2018,2885.570068
06OCT2018,2885.570068
07OCT2018,2885.570068
08OCT2018,2884.429932
09OCT2018,2880.340088
10OCT2018,2785.679932
11OCT2018,2728.370117
12OCT2018,2767.129883
13OCT2018,2767.129883
14OCT2018,2767.129883
15OCT2018,2750.790039
16OCT2018,2809.919922
17OCT2018,2809.209961
18OCT2018,2768.780029
19OCT2018,2767.780029
20OCT2018,2767.780029
21OCT2018,2767.780029
22OCT2018,2755.879883
23OCT2018,2740.689941
24OCT2018,2656.100098
25OCT2018,2705.570068
26OCT2018,2658.689941
27OCT2018,2658.689941
28OCT2018,2658.689941
29OCT2018,2641.25
30OCT2018,2682.629883
31OCT2018,2711.73999
01NOV2018,2740.370117
02NOV2018,2723.060059
03NOV2018,2723.060059
04NOV2018,2723.060059
05NOV2018,2738.310059
06NOV2018,2755.449951
07NOV2018,2813.889893
08NOV2018,2806.830078
09NOV2018,2781.01001
10NOV2018,2781.01001
11NOV2018,2781.01001
12NOV2018,2726.219971
13NOV2018,2722.179932
14NOV2018,2701.580078
15NOV2018,2730.199951
16NOV2018,2736.27002
17NOV2018,2736.27002
18NOV2018,2736.27002
19NOV2018,2690.72998
20NOV2018,2641.889893
21NOV2018,2649.929932
22NOV2018,2649.929932
23NOV2018,2632.560059
24NOV2018,2632.560059
25NOV2018,2632.560059
26NOV2018,2673.449951
27NOV2018,2682.169922
28NOV2018,2743.790039
29NOV2018,2737.800049
30NOV2018,2760.169922
01DEC2018,2760.169922
02DEC2018,2760.169922
03DEC2018,2790.370117
04DEC2018,2700.060059
05DEC2018,2700.060059
06DEC2018,2695.949951
07DEC2018,2633.080078
08DEC2018,2633.080078
09DEC2018,2633.080078
10DEC2018,2637.719971
11DEC2018,2636.780029
12DEC2018,2651.070068
13DEC2018,2650.540039
14DEC2018,2599.949951
15DEC2018,2599.949951
16DEC2018,2599.949951
17DEC2018,2545.939941
18DEC2018,2546.159912
19DEC2018,2506.959961
20DEC2018,2467.419922
21DEC2018,2416.620117
22DEC2018,2416.620117
23DEC2018,2416.620117
24DEC2018,2351.100098
25DEC2018,2351.100098
26DEC2018,2467.699951
27DEC2018,2488.830078
28DEC2018,2485.73999
29DEC2018,2485.73999
30DEC2018,2485.73999
31DEC2018,2506.850098
01JAN2019,2506.850098
02JAN2019,2510.030029
03JAN2019,2447.889893
04JAN2019,2531.939941
05JAN2019,2531.939941
06JAN2019,2531.939941
07JAN2019,2549.689941
08JAN2019,2574.409912
09JAN2019,2584.959961
10JAN2019,2596.639893
11JAN2019,2596.26001
12JAN2019,2596.26001
13JAN2019,2596.26001
14JAN2019,2582.610107
15JAN2019,2610.300049
16JAN2019,2616.100098
17JAN2019,2635.959961
18JAN2019,2670.709961
19JAN2019,2670.709961
20JAN2019,2670.709961
21JAN2019,2670.709961
22JAN2019,2632.899902
23JAN2019,2638.699951
24JAN2019,2642.330078
25JAN2019,2664.76001
26JAN2019,2664.76001
27JAN2019,2664.76001
28JAN2019,2643.850098
29JAN2019,2640
30JAN2019,2681.050049
31JAN2019,2704.100098
01FEB2019,2706.530029
02FEB2019,2706.530029
03FEB2019,2706.530029
04FEB2019,2724.870117
05FEB2019,2737.699951
06FEB2019,2731.610107
07FEB2019,2706.050049
08FEB2019,2707.879883
09FEB2019,2707.879883
10FEB2019,2707.879883
11FEB2019,2709.800049
12FEB2019,2744.72998
13FEB2019,2753.030029
14FEB2019,2745.72998
15FEB2019,2775.600098
16FEB2019,2775.600098
17FEB2019,2775.600098
18FEB2019,2775.600098
19FEB2019,2779.76001
20FEB2019,2784.699951
21FEB2019,2774.879883
22FEB2019,2792.669922
23FEB2019,2792.669922
24FEB2019,2792.669922
25FEB2019,2796.110107
26FEB2019,2793.899902
27FEB2019,2792.379883
28FEB2019,2784.48999
01MAR2019,2803.689941
02MAR2019,2803.689941
03MAR2019,2803.689941
04MAR2019,2792.810059
05MAR2019,2789.649902
06MAR2019,2771.449951
07MAR2019,2748.929932
08MAR2019,2743.070068
09MAR2019,2743.070068
10MAR2019,2743.070068
11MAR2019,2783.300049
12MAR2019,2791.52002
13MAR2019,2810.919922
14MAR2019,2808.47998
15MAR2019,2822.47998
16MAR2019,2822.47998
17MAR2019,2822.47998
18MAR2019,2832.939941
19MAR2019,2832.570068
20MAR2019,2824.22998
21MAR2019,2854.879883
22MAR2019,2800.709961
23MAR2019,2800.709961
24MAR2019,2800.709961
25MAR2019,2798.360107
26MAR2019,2818.459961
27MAR2019,2805.370117
28MAR2019,2815.439941
29MAR2019,2834.399902
30MAR2019,2834.399902
31MAR2019,2834.399902
01APR2019,2867.189941
02APR2019,2867.23999
03APR2019,2873.399902
04APR2019,2879.389893
05APR2019,2892.73999
06APR2019,2892.73999
07APR2019,2892.73999
08APR2019,2895.77002
09APR2019,2878.199951
10APR2019,2888.209961
11APR2019,2888.320068
12APR2019,2907.409912
13APR2019,2907.409912
14APR2019,2907.409912
15APR2019,2905.580078
16APR2019,2907.060059
17APR2019,2900.449951
18APR2019,2905.030029
19APR2019,2905.030029
20APR2019,2905.030029
21APR2019,2905.030029
22APR2019,2907.969971
23APR2019,2933.679932
24APR2019,2927.25
25APR2019,2926.169922
26APR2019,2939.879883
27APR2019,2939.879883
28APR2019,2939.879883
29APR2019,2943.030029
30APR2019,2945.830078
01MAY2019,2923.72998
02MAY2019,2917.52002
03MAY2019,2945.639893
04MAY2019,2945.639893
05MAY2019,2945.639893
06MAY2019,2932.469971
07MAY2019,2884.050049
08MAY2019,2879.419922
09MAY2019,2870.719971
10MAY2019,2881.399902
11MAY2019,2881.399902
12MAY2019,2881.399902
13MAY2019,2811.870117
14MAY2019,2834.409912
15MAY2019,2850.959961
16MAY2019,2876.320068
17MAY2019,2859.530029
18MAY2019,2859.530029
19MAY2019,2859.530029
20MAY2019,2840.22998
21MAY2019,2864.360107
22MAY2019,2856.27002
23MAY2019,2822.23999
24MAY2019,2826.060059
25MAY2019,2826.060059
26MAY2019,2826.060059
27MAY2019,2826.060059
28MAY2019,2802.389893
29MAY2019,2783.02002
30MAY2019,2788.860107
31MAY2019,2752.060059
01JUN2019,2752.060059
02JUN2019,2752.060059
03JUN2019,2744.449951
04JUN2019,2803.27002
05JUN2019,2826.149902
06JUN2019,2843.48999
07JUN2019,2873.340088
08JUN2019,2873.340088
09JUN2019,2873.340088
10JUN2019,2886.72998
11JUN2019,2885.719971
12JUN2019,2879.840088
13JUN2019,2891.639893
14JUN2019,2886.97998
15JUN2019,2886.97998
16JUN2019,2886.97998
17JUN2019,2889.669922
18JUN2019,2917.75
19JUN2019,2926.459961
20JUN2019,2954.179932
21JUN2019,2950.459961
22JUN2019,2950.459961
23JUN2019,2950.459961
24JUN2019,2945.350098
25JUN2019,2917.379883
26JUN2019,2913.780029
27JUN2019,2924.919922
28JUN2019,2941.76001
29JUN2019,2941.76001
30JUN2019,2941.76001
01JUL2019,2964.330078
02JUL2019,2973.01001
03JUL2019,2995.820068
04JUL2019,2995.820068
05JUL2019,2990.409912
06JUL2019,2990.409912
07JUL2019,2990.409912
08JUL2019,2975.949951
09JUL2019,2979.629883
10JUL2019,2993.070068
11JUL2019,2999.909912
12JUL2019,3013.77002
13JUL2019,3013.77002
14JUL2019,3013.77002
15JUL2019,3014.300049
16JUL2019,3004.040039
17JUL2019,2984.419922
18JUL2019,2995.110107
19JUL2019,2976.610107
20JUL2019,2976.610107
21JUL2019,2976.610107
22JUL2019,2985.030029
23JUL2019,3005.469971
24JUL2019,3019.560059
25JUL2019,3003.669922
26JUL2019,3025.860107
27JUL2019,3025.860107
28JUL2019,3025.860107
29JUL2019,3020.969971
30JUL2019,3013.179932
31JUL2019,2980.379883
01AUG2019,2953.560059
02AUG2019,2932.050049
03AUG2019,2932.050049
04AUG2019,2932.050049
05AUG2019,2844.73999
06AUG2019,2881.77002
07AUG2019,2883.97998
08AUG2019,2938.090088
09AUG2019,2918.649902
10AUG2019,2918.649902
11AUG2019,2918.649902
12AUG2019,2882.699951
13AUG2019,2926.320068
14AUG2019,2840.600098
15AUG2019,2847.600098
16AUG2019,2888.679932
17AUG2019,2888.679932
18AUG2019,2888.679932
19AUG2019,2923.649902
20AUG2019,2900.51001
21AUG2019,2924.429932
22AUG2019,2922.949951
23AUG2019,2847.110107
24AUG2019,2847.110107
25AUG2019,2847.110107
26AUG2019,2878.379883
27AUG2019,2869.159912
28AUG2019,2887.939941
29AUG2019,2924.580078
30AUG2019,2926.459961
31AUG2019,2926.459961
01SEP2019,2926.459961
02SEP2019,2926.459961
03SEP2019,2906.27002
04SEP2019,2937.780029
05SEP2019,2976
06SEP2019,2978.709961
07SEP2019,2978.709961
08SEP2019,2978.709961
09SEP2019,2978.429932
10SEP2019,2979.389893
11SEP2019,3000.929932
12SEP2019,3009.570068
13SEP2019,3007.389893
14SEP2019,3007.389893
15SEP2019,3007.389893
16SEP2019,2997.959961
17SEP2019,3005.699951
18SEP2019,3006.72998
19SEP2019,3006.790039
20SEP2019,2992.070068
21SEP2019,2992.070068
22SEP2019,2992.070068
23SEP2019,2991.780029
24SEP2019,2966.600098
25SEP2019,2984.870117
26SEP2019,2977.620117
27SEP2019,2961.790039
28SEP2019,2961.790039
29SEP2019,2961.790039
30SEP2019,2976.73999
01OCT2019,2940.25
02OCT2019,2887.610107
03OCT2019,2910.629883
04OCT2019,2952.01001
05OCT2019,2952.01001
06OCT2019,2952.01001
07OCT2019,2938.790039
08OCT2019,2893.060059
09OCT2019,2919.399902
10OCT2019,2938.129883
11OCT2019,2970.27002
12OCT2019,2970.27002
13OCT2019,2970.27002
14OCT2019,2966.149902
15OCT2019,2995.679932
16OCT2019,2989.689941
17OCT2019,2997.949951
18OCT2019,2986.199951
19OCT2019,2986.199951
20OCT2019,2986.199951
21OCT2019,3006.719971
22OCT2019,2995.98999
23OCT2019,3004.52002
24OCT2019,3010.290039
25OCT2019,3022.550049
26OCT2019,3022.550049
27OCT2019,3022.550049
28OCT2019,3039.419922
29OCT2019,3036.889893
30OCT2019,3046.77002
31OCT2019,3037.560059
01NOV2019,3066.909912
02NOV2019,3066.909912
03NOV2019,3066.909912
04NOV2019,3078.27002
05NOV2019,3074.620117
06NOV2019,3076.780029
07NOV2019,3085.179932
08NOV2019,3093.080078
09NOV2019,3093.080078
10NOV2019,3093.080078
11NOV2019,3087.01001
12NOV2019,3091.840088
13NOV2019,3094.040039
14NOV2019,3096.629883
15NOV2019,3120.459961
16NOV2019,3120.459961
17NOV2019,3120.459961
18NOV2019,3122.030029
19NOV2019,3120.179932
20NOV2019,3108.459961
21NOV2019,3103.540039
22NOV2019,3110.290039
23NOV2019,3110.290039
24NOV2019,3110.290039
25NOV2019,3133.639893
26NOV2019,3140.52002
27NOV2019,3153.629883
28NOV2019,3153.629883
29NOV2019,3140.97998
30NOV2019,3140.97998
01DEC2019,3140.97998
02DEC2019,3113.870117
03DEC2019,3093.199951
04DEC2019,3112.76001
05DEC2019,3117.429932
06DEC2019,3145.909912
07DEC2019,3145.909912
08DEC2019,3145.909912
09DEC2019,3135.959961
10DEC2019,3132.52002
11DEC2019,3141.629883
12DEC2019,3168.570068
13DEC2019,3168.800049
14DEC2019,3168.800049
15DEC2019,3168.800049
16DEC2019,3191.449951
17DEC2019,3192.52002
18DEC2019,3191.139893
19DEC2019,3205.370117
20DEC2019,3221.219971
21DEC2019,3221.219971
22DEC2019,3221.219971
23DEC2019,3224.01001
24DEC2019,3223.379883
25DEC2019,3223.379883
26DEC2019,3239.909912
27DEC2019,3240.02002
28DEC2019,3240.02002
29DEC2019,3240.02002
30DEC2019,3221.290039
31DEC2019,3230.780029
01JAN2020,3230.780029
02JAN2020,3257.850098
03JAN2020,3234.850098
04JAN2020,3234.850098
05JAN2020,3234.850098
06JAN2020,3246.280029
07JAN2020,3237.179932
08JAN2020,3253.050049
09JAN2020,3274.699951
10JAN2020,3265.350098
11JAN2020,3265.350098
12JAN2020,3265.350098
13JAN2020,3288.129883
14JAN2020,3283.149902
15JAN2020,3289.290039
16JAN2020,3316.810059
17JAN2020,3329.620117
18JAN2020,3329.620117
19JAN2020,3329.620117
20JAN2020,3329.620117
21JAN2020,3320.790039
22JAN2020,3321.75
23JAN2020,3325.540039
24JAN2020,3295.469971
25JAN2020,3295.469971
26JAN2020,3295.469971
27JAN2020,3243.629883
28JAN2020,3276.23999
29JAN2020,3273.399902
30JAN2020,3283.659912
31JAN2020,3225.52002
01FEB2020,3225.52002
02FEB2020,3225.52002
03FEB2020,3248.919922
04FEB2020,3297.590088
05FEB2020,3334.689941
06FEB2020,3345.780029
07FEB2020,3327.709961
08FEB2020,3327.709961
09FEB2020,3327.709961
10FEB2020,3352.090088
11FEB2020,3357.75
12FEB2020,3379.449951
13FEB2020,3373.939941
14FEB2020,3380.159912
15FEB2020,3380.159912
16FEB2020,3380.159912
17FEB2020,3380.159912
18FEB2020,3370.290039
19FEB2020,3386.149902
20FEB2020,3373.22998
21FEB2020,3337.75
22FEB2020,3337.75
23FEB2020,3337.75
24FEB2020,3225.889893
25FEB2020,3128.209961
26FEB2020,3116.389893
27FEB2020,2978.76001
28FEB2020,2954.219971
29FEB2020,2954.219971
01MAR2020,2954.219971
02MAR2020,3090.22998
03MAR2020,3003.370117
04MAR2020,3130.120117
05MAR2020,3023.939941
06MAR2020,2972.370117
07MAR2020,2972.370117
08MAR2020,2972.370117
09MAR2020,2746.560059
10MAR2020,2882.22998
11MAR2020,2741.379883
12MAR2020,2480.639893
13MAR2020,2711.02002
14MAR2020,2711.02002
15MAR2020,2711.02002
16MAR2020,2386.129883
17MAR2020,2529.189941
18MAR2020,2398.100098
19MAR2020,2409.389893
20MAR2020,2304.919922
21MAR2020,2304.919922
22MAR2020,2304.919922
23MAR2020,2237.399902
24MAR2020,2447.330078
25MAR2020,2475.560059
26MAR2020,2630.070068
27MAR2020,2541.469971
28MAR2020,2541.469971
29MAR2020,2541.469971
30MAR2020,2626.649902
31MAR2020,2584.590088
01APR2020,2470.5
02APR2020,2526.899902
03APR2020,2488.649902
04APR2020,2488.649902
05APR2020,2488.649902
06APR2020,2663.679932
07APR2020,2659.409912
08APR2020,2749.97998
09APR2020,2789.820068
10APR2020,2789.820068
11APR2020,2789.820068
12APR2020,2789.820068
13APR2020,2761.629883
14APR2020,2846.060059
15APR2020,2783.360107
16APR2020,2799.550049
17APR2020,2874.560059
18APR2020,2874.560059
19APR2020,2874.560059
20APR2020,2823.159912
21APR2020,2736.560059
22APR2020,2799.310059
23APR2020,2797.800049
24APR2020,2836.73999
25APR2020,2836.73999
26APR2020,2836.73999
27APR2020,2878.47998
28APR2020,2863.389893
29APR2020,2939.51001
30APR2020,2912.429932
01MAY2020,2830.709961
02MAY2020,2830.709961
03MAY2020,2830.709961
04MAY2020,2842.73999
05MAY2020,2868.439941
06MAY2020,2848.419922
07MAY2020,2881.189941
08MAY2020,2929.800049
09MAY2020,2929.800049
10MAY2020,2929.800049
11MAY2020,2930.189941
12MAY2020,2870.120117
13MAY2020,2820
14MAY2020,2852.5
15MAY2020,2863.699951
16MAY2020,2863.699951
17MAY2020,2863.699951
18MAY2020,2953.909912
19MAY2020,2922.939941
20MAY2020,2971.610107
21MAY2020,2948.51001
22MAY2020,2955.449951
23MAY2020,2955.449951
24MAY2020,2955.449951
25MAY2020,2955.449951
26MAY2020,2991.77002
27MAY2020,3036.129883
28MAY2020,3029.72998
29MAY2020,3044.310059
30MAY2020,3044.310059
31MAY2020,3044.310059
01JUN2020,3055.72998
02JUN2020,3080.820068
03JUN2020,3122.870117
04JUN2020,3112.350098
05JUN2020,3193.929932
06JUN2020,3193.929932
07JUN2020,3193.929932
08JUN2020,3232.389893
09JUN2020,3207.179932
10JUN2020,3190.139893
11JUN2020,3002.100098
12JUN2020,3041.310059
13JUN2020,3041.310059
14JUN2020,3041.310059
15JUN2020,3066.590088
16JUN2020,3124.73999
17JUN2020,3113.48999
18JUN2020,3115.340088
19JUN2020,3097.73999
20JUN2020,3097.73999
21JUN2020,3097.73999
22JUN2020,3117.860107
23JUN2020,3131.290039
24JUN2020,3050.330078
25JUN2020,3083.76001
26JUN2020,3009.050049
27JUN2020,3009.050049
28JUN2020,3009.050049
29JUN2020,3053.23999
30JUN2020,3100.290039
01JUL2020,3115.860107
02JUL2020,3130.01001
03JUL2020,3130.01001
04JUL2020,3130.01001
05JUL2020,3130.01001
06JUL2020,3179.719971
07JUL2020,3145.320068
08JUL2020,3169.939941
09JUL2020,3152.050049
10JUL2020,3185.040039
11JUL2020,3185.040039
12JUL2020,3185.040039
13JUL2020,3155.219971
14JUL2020,3197.52002
15JUL2020,3226.560059
16JUL2020,3215.570068
17JUL2020,3224.72998
18JUL2020,3224.72998
19JUL2020,3224.72998
20JUL2020,3251.840088
21JUL2020,3257.300049
22JUL2020,3276.02002
23JUL2020,3235.659912
24JUL2020,3215.629883
25JUL2020,3215.629883
26JUL2020,3215.629883
27JUL2020,3239.409912
28JUL2020,3218.439941
29JUL2020,3258.439941
30JUL2020,3246.219971
31JUL2020,3271.120117
01AUG2020,3268.2570054
02AUG2020,3269.0291812
03AUG2020,3269.8013571
04AUG2020,3270.5735329
05AUG2020,3271.3457087
06AUG2020,3272.1178845
07AUG2020,3272.8900603
08AUG2020,3273.6622361
09AUG2020,3274.4344119
10AUG2020,3275.2065877
11AUG2020,3275.9787635
12AUG2020,3276.7509393
13AUG2020,3277.5231151
14AUG2020,3278.2952909
15AUG2020,3279.0674667
16AUG2020,3279.8396425
17AUG2020,3280.6118183
18AUG2020,3281.3839941
19AUG2020,3282.1561699
20AUG2020,3282.9283457
21AUG2020,3283.7005215
22AUG2020,3284.4726973
23AUG2020,3285.2448731
24AUG2020,3286.0170489
25AUG2020,3286.7892247
26AUG2020,3287.5614005
27AUG2020,3288.3335763
28AUG2020,3289.1057521
29AUG2020,3289.8779279
30AUG2020,3290.6501037
31AUG2020,3291.4222795
01SEP2020,3292.1944553
02SEP2020,3292.9666311
03SEP2020,3293.7388069
04SEP2020,3294.5109827
05SEP2020,3295.2831585
06SEP2020,3296.0553343
07SEP2020,3296.8275101
08SEP2020,3297.5996859
09SEP2020,3298.3718617
10SEP2020,3299.1440375
11SEP2020,3299.9162133
12SEP2020,3300.6883891
13SEP2020,3301.4605649
14SEP2020,3302.2327407
15SEP2020,3303.0049165
16SEP2020,3303.7770923
17SEP2020,3304.5492681
18SEP2020,3305.3214439
19SEP2020,3306.0936197
20SEP2020,3306.8657955
21SEP2020,3307.6379713
22SEP2020,3308.4101471
23SEP2020,3309.1823229
24SEP2020,3309.9544987
25SEP2020,3310.7266745
26SEP2020,3311.4988503
27SEP2020,3312.2710261
28SEP2020,3313.0432019
29SEP2020,3313.8153777
30SEP2020,3314.5875535
01OCT2020,3315.3597294
02OCT2020,3316.1319052
03OCT2020,3316.904081
04OCT2020,3317.6762568
05OCT2020,3318.4484326
06OCT2020,3319.2206084
07OCT2020,3319.9927842
08OCT2020,3320.76496
09OCT2020,3321.5371358
10OCT2020,3322.3093116
11OCT2020,3323.0814874
12OCT2020,3323.8536632
13OCT2020,3324.625839
14OCT2020,3325.3980148
15OCT2020,3326.1701906
16OCT2020,3326.9423664
17OCT2020,3327.7145422
18OCT2020,3328.486718
19OCT2020,3329.2588938
20OCT2020,3330.0310696
21OCT2020,3330.8032454
22OCT2020,3331.5754212
23OCT2020,3332.347597
24OCT2020,3333.1197728
25OCT2020,3333.8919486
26OCT2020,3334.6641244
27OCT2020,3335.4363002
28OCT2020,3336.208476
29OCT2020,3336.9806518
30OCT2020,3337.7528276
31OCT2020,3338.5250034
01NOV2020,3339.2971792
02NOV2020,3340.069355
03NOV2020,3340.8415308
04NOV2020,3341.6137066
05NOV2020,3342.3858824
06NOV2020,3343.1580582
07NOV2020,3343.930234
08NOV2020,3344.7024098
09NOV2020,3345.4745856
10NOV2020,3346.2467614
11NOV2020,3347.0189372
12NOV2020,3347.791113
13NOV2020,3348.5632888
14NOV2020,3349.3354646
15NOV2020,3350.1076404
16NOV2020,3350.8798162
17NOV2020,3351.651992
18NOV2020,3352.4241678
19NOV2020,3353.1963436
20NOV2020,3353.9685194
21NOV2020,3354.7406952
22NOV2020,3355.512871
23NOV2020,3356.2850468
24NOV2020,3357.0572226
25NOV2020,3357.8293984
26NOV2020,3358.6015742
27NOV2020,3359.37375
28NOV2020,3360.1459258
29NOV2020,3360.9181017
30NOV2020,3361.6902775
